decision_time,direction,confidence,entry_btc,exit_btc,btc_up,correct,pnl,vol_regime,hour
2026-04-30T10:24:00+00:00,long,0.645,76008.21,76043.84,True,True,1.0,LOW,10
2026-04-30T11:09:00+00:00,short,0.645,76175.0,76180.38,True,False,-1.0,LOW,11
2026-04-30T11:24:00+00:00,long,0.77,76095.0,76102.63,True,True,1.0,LOW,11
2026-04-30T12:24:00+00:00,short,0.57,76358.19,76414.96,True,False,-1.0,LOW,12
2026-04-30T17:24:00+00:00,long,0.6033,76143.19,76239.27,True,True,1.0,LOW,17
2026-04-30T17:54:00+00:00,short,0.645,76247.92,76352.0,True,False,-1.0,LOW,17
2026-04-30T18:54:00+00:00,short,0.6033,76396.0,76354.2,False,True,1.0,LOW,18
2026-04-30T20:39:00+00:00,short,0.6033,76522.67,76524.09,True,False,-1.0,LOW,20
2026-04-30T21:09:00+00:00,long,0.645,76458.01,76461.85,True,True,1.0,LOW,21
2026-04-30T21:24:00+00:00,long,0.645,76384.51,76359.74,False,False,-1.0,LOW,21
2026-04-30T21:54:00+00:00,long,0.645,76248.5,76299.99,True,True,1.0,LOW,21
2026-04-30T22:24:00+00:00,short,0.6033,76404.96,76442.01,True,False,-1.0,LOW,22
2026-04-30T23:24:00+00:00,short,0.6033,76324.96,76350.12,True,False,-1.0,LOW,23
2026-05-01T00:09:00+00:00,short,0.6773,76506.43,76525.47,True,False,-1.0,LOW,0
2026-05-01T01:09:00+00:00,short,0.6773,76561.47,76617.07,True,False,-1.0,LOW,1
2026-05-01T01:39:00+00:00,short,0.6335,76585.37,76615.98,True,False,-1.0,LOW,1
2026-05-01T01:54:00+00:00,short,0.6773,76737.24,76688.01,False,True,1.0,LOW,1
2026-05-01T03:09:00+00:00,short,0.645,76662.35,76738.54,True,False,-1.0,LOW,3
2026-05-01T03:24:00+00:00,short,0.57,77321.34,77242.1,False,True,1.0,LOW,3
2026-05-01T05:09:00+00:00,short,0.645,77155.0,77141.25,False,True,1.0,LOW,5
2026-05-01T05:54:00+00:00,short,0.645,77167.06,77164.01,False,True,1.0,LOW,5
2026-05-01T09:54:00+00:00,long,0.616,77221.62,77241.24,True,True,1.0,LOW,9
2026-05-01T10:24:00+00:00,short,0.645,77408.78,77350.98,False,True,1.0,LOW,10
2026-05-01T10:39:00+00:00,long,0.77,77253.56,77251.0,False,False,-1.0,LOW,10
2026-05-01T11:24:00+00:00,short,0.6033,77420.57,77419.51,False,True,1.0,LOW,11
2026-05-01T12:24:00+00:00,short,0.57,77761.46,77810.56,True,False,-1.0,LOW,12
2026-05-01T12:54:00+00:00,long,0.77,77950.49,78045.07,True,True,1.0,LOW,12
2026-05-01T13:09:00+00:00,long,0.572,78200.0,78392.36,True,True,1.0,LOW,13
2026-05-01T13:54:00+00:00,short,0.627,78781.62,78710.39,False,True,1.0,LOW,13
2026-05-01T14:24:00+00:00,long,0.627,78388.67,78168.0,False,False,-1.0,LOW,14
2026-05-01T15:54:00+00:00,long,0.627,78360.01,78534.64,True,True,1.0,LOW,15
2026-05-01T16:24:00+00:00,long,0.57,78264.99,78306.85,True,True,1.0,LOW,16
2026-05-01T17:39:00+00:00,short,0.57,78512.46,78420.67,False,True,1.0,LOW,17
2026-05-01T19:24:00+00:00,long,0.6033,78401.49,78384.1,False,False,-1.0,LOW,19
2026-05-01T19:39:00+00:00,long,0.6033,78343.37,78340.66,False,False,-1.0,LOW,19
2026-05-01T20:24:00+00:00,long,0.6033,78165.26,78133.05,False,False,-1.0,LOW,20
2026-05-01T20:39:00+00:00,long,0.645,78069.04,78031.05,False,False,-1.0,LOW,20
2026-05-01T21:39:00+00:00,short,0.6033,78137.18,78130.67,False,True,1.0,LOW,21
2026-05-01T22:09:00+00:00,short,0.6033,78272.29,78325.3,True,False,-1.0,LOW,22
2026-05-01T22:24:00+00:00,short,0.645,78411.13,78353.42,False,True,1.0,LOW,22
2026-05-01T22:39:00+00:00,long,0.645,78255.0,78235.72,False,False,-1.0,LOW,22
2026-05-01T22:54:00+00:00,long,0.645,78158.22,78135.93,False,False,-1.0,LOW,22
2026-05-01T23:24:00+00:00,long,0.645,78077.0,78046.99,False,False,-1.0,LOW,23
2026-05-02T00:09:00+00:00,short,0.8085,78264.18,78200.1,False,True,1.0,LOW,0
2026-05-02T02:39:00+00:00,short,0.645,78365.4,78395.0,True,False,-1.0,LOW,2
2026-05-02T03:09:00+00:00,long,0.645,78295.31,78248.92,False,False,-1.0,LOW,3
2026-05-02T03:24:00+00:00,short,0.77,78347.81,78378.31,True,False,-1.0,LOW,3
2026-05-02T04:09:00+00:00,long,0.645,78276.13,78262.22,False,False,-1.0,LOW,4
2026-05-02T05:39:00+00:00,short,0.645,78203.1,78187.84,False,True,1.0,LOW,5
2026-05-02T06:39:00+00:00,short,0.616,78197.3,78236.54,True,False,-1.0,LOW,6
2026-05-02T10:24:00+00:00,long,0.645,78232.24,78232.24,False,False,-1.0,LOW,10
2026-05-02T11:09:00+00:00,long,0.6033,78195.83,78170.58,False,False,-1.0,LOW,11
2026-05-02T11:24:00+00:00,short,0.77,78227.86,78210.99,False,True,1.0,LOW,11
2026-05-02T11:39:00+00:00,long,0.645,78162.79,78122.08,False,False,-1.0,LOW,11
2026-05-02T12:24:00+00:00,short,0.645,78167.8,78250.58,True,False,-1.0,LOW,12
2026-05-02T13:09:00+00:00,short,0.6637,78311.6,78357.4,True,False,-1.0,LOW,13
2026-05-02T14:09:00+00:00,long,0.847,78329.08,78309.85,False,False,-1.0,LOW,14
2026-05-02T14:39:00+00:00,long,0.847,78387.05,78403.47,True,True,1.0,LOW,14
2026-05-02T15:24:00+00:00,long,0.6637,78383.68,78375.29,False,False,-1.0,LOW,15
2026-05-02T15:54:00+00:00,short,0.7095,78457.72,78465.05,True,False,-1.0,LOW,15
2026-05-02T17:09:00+00:00,long,0.6033,78425.0,78434.41,True,True,1.0,LOW,17
2026-05-02T17:54:00+00:00,long,0.6033,78398.03,78391.19,False,False,-1.0,LOW,17
2026-05-02T18:09:00+00:00,long,0.645,78338.12,78323.71,False,False,-1.0,LOW,18
2026-05-02T18:54:00+00:00,short,0.645,78485.32,78461.69,False,True,1.0,LOW,18
2026-05-02T20:24:00+00:00,long,0.77,78433.48,78429.66,False,False,-1.0,LOW,20
2026-05-02T20:39:00+00:00,short,0.645,78479.5,78430.01,False,True,1.0,LOW,20
2026-05-02T21:09:00+00:00,short,0.645,78513.78,78452.43,False,True,1.0,LOW,21
2026-05-02T21:39:00+00:00,short,0.57,78900.63,78890.65,False,True,1.0,LOW,21
2026-05-02T22:24:00+00:00,long,0.645,78635.93,78632.23,False,False,-1.0,LOW,22
2026-05-02T22:54:00+00:00,short,0.645,78808.76,78785.83,False,True,1.0,LOW,22
2026-05-02T23:09:00+00:00,long,0.6033,78717.76,78735.01,True,True,1.0,LOW,23
2026-05-03T00:39:00+00:00,short,0.6773,78676.99,78633.15,False,True,1.0,LOW,0
2026-05-03T00:54:00+00:00,long,0.6773,78500.0,78493.48,False,False,-1.0,LOW,0
2026-05-03T01:24:00+00:00,long,0.6773,78255.72,78256.5,True,True,1.0,LOW,1
2026-05-03T01:39:00+00:00,long,0.6773,78194.99,78227.2,True,True,1.0,LOW,1
2026-05-03T02:24:00+00:00,long,0.6033,78126.86,78113.06,False,False,-1.0,LOW,2
2026-05-03T02:54:00+00:00,short,0.645,78190.42,78165.22,False,True,1.0,LOW,2
2026-05-03T03:39:00+00:00,short,0.6033,78191.73,78141.37,False,True,1.0,LOW,3
2026-05-03T04:09:00+00:00,long,0.645,78120.01,78167.55,True,True,1.0,LOW,4
2026-05-03T04:24:00+00:00,short,0.645,78220.63,78229.1,True,False,-1.0,LOW,4
2026-05-03T05:09:00+00:00,short,0.645,78243.87,78245.97,True,False,-1.0,LOW,5
2026-05-03T06:39:00+00:00,short,0.616,78151.76,78139.99,False,True,1.0,LOW,6
2026-05-03T10:09:00+00:00,long,0.6033,78473.61,78491.26,True,True,1.0,LOW,10
2026-05-03T10:24:00+00:00,long,0.645,78450.56,78430.59,False,False,-1.0,LOW,10
2026-05-03T11:24:00+00:00,long,0.77,78501.21,78508.71,True,True,1.0,LOW,11
2026-05-03T12:09:00+00:00,short,0.6033,78753.7,78819.55,True,False,-1.0,LOW,12
2026-05-03T13:24:00+00:00,long,0.6637,78682.81,78647.45,False,False,-1.0,LOW,13
2026-05-03T14:24:00+00:00,long,0.7095,78647.42,78674.44,True,True,1.0,LOW,14
2026-05-03T15:39:00+00:00,long,0.7095,78694.25,78701.77,True,True,1.0,LOW,15
2026-05-03T16:39:00+00:00,short,0.6033,78735.44,78723.2,False,True,1.0,LOW,16
2026-05-03T17:24:00+00:00,short,0.645,78766.89,78741.74,False,True,1.0,LOW,17
2026-05-03T17:54:00+00:00,long,0.645,78734.34,78731.65,False,False,-1.0,LOW,17
2026-05-03T18:09:00+00:00,long,0.645,78681.02,78651.42,False,False,-1.0,LOW,18
2026-05-03T18:54:00+00:00,short,0.6033,78737.82,78739.67,True,False,-1.0,LOW,18
2026-05-03T19:39:00+00:00,short,0.6033,78790.0,78814.99,True,False,-1.0,LOW,19
2026-05-03T20:24:00+00:00,short,0.645,78930.05,78925.62,False,True,1.0,LOW,20
2026-05-03T20:54:00+00:00,long,0.6033,78870.11,78900.45,True,True,1.0,LOW,20
2026-05-03T21:09:00+00:00,short,0.645,78980.01,79008.38,True,False,-1.0,LOW,21
2026-05-03T21:24:00+00:00,long,0.77,78947.87,78917.43,False,False,-1.0,LOW,21
2026-05-03T21:39:00+00:00,long,0.645,78869.99,78716.02,False,False,-1.0,LOW,21
2026-05-03T23:24:00+00:00,long,0.57,78755.26,78701.75,False,False,-1.0,LOW,23
2026-05-04T00:24:00+00:00,long,0.6773,78350.01,78356.9,True,True,1.0,LOW,0
2026-05-04T01:54:00+00:00,short,0.5985,79251.52,79812.59,True,False,-1.0,LOW,1
2026-05-04T02:39:00+00:00,short,0.645,79942.71,80113.84,True,False,-1.0,LOW,2
2026-05-04T02:54:00+00:00,long,0.77,80253.87,80163.51,False,False,-1.0,LOW,2
2026-05-04T03:39:00+00:00,long,0.645,80003.19,79991.02,False,False,-1.0,LOW,3
2026-05-04T04:09:00+00:00,short,0.6033,80434.16,80498.28,True,False,-1.0,LOW,4
2026-05-04T05:24:00+00:00,long,0.6033,80048.02,79994.56,False,False,-1.0,LOW,5
2026-05-04T09:24:00+00:00,long,0.616,79718.6,79692.89,False,False,-1.0,LOW,9
2026-05-04T10:09:00+00:00,long,0.57,78825.78,78674.62,False,False,-1.0,LOW,10
2026-05-04T10:24:00+00:00,long,0.57,78256.08,78516.89,True,True,1.0,LOW,10
2026-05-04T11:39:00+00:00,long,0.675,78760.36,78759.79,False,False,-1.0,NORMAL,11
2026-05-04T12:24:00+00:00,short,0.645,78959.56,78967.6,True,False,-1.0,LOW,12
2026-05-04T13:54:00+00:00,long,0.7095,78776.87,78782.44,True,True,1.0,LOW,13
2026-05-04T14:09:00+00:00,long,0.7095,78544.44,79000.0,True,True,1.0,LOW,14
2026-05-04T14:24:00+00:00,short,0.627,79274.91,79272.27,False,True,1.0,LOW,14
2026-05-04T14:39:00+00:00,long,0.6637,79516.9,79680.0,True,True,1.0,LOW,14
2026-05-04T14:54:00+00:00,short,0.627,80457.69,80279.79,False,True,1.0,LOW,14
2026-05-04T15:09:00+00:00,long,0.7095,80081.61,80210.47,True,True,1.0,LOW,15
2026-05-04T15:24:00+00:00,short,0.6637,79538.72,79670.16,True,False,-1.0,LOW,15
2026-05-04T16:54:00+00:00,long,0.675,80105.36,80053.85,False,False,-1.0,NORMAL,16
2026-05-04T17:09:00+00:00,short,0.645,80344.31,80387.44,True,False,-1.0,LOW,17
2026-05-04T17:39:00+00:00,long,0.645,80322.14,80311.33,False,False,-1.0,LOW,17
2026-05-04T18:24:00+00:00,long,0.645,80239.94,80258.27,True,True,1.0,LOW,18
2026-05-04T18:54:00+00:00,long,0.645,80045.99,80103.41,True,True,1.0,LOW,18
2026-05-04T20:39:00+00:00,long,0.645,79909.47,79968.59,True,True,1.0,LOW,20
2026-05-04T21:09:00+00:00,short,0.645,80093.77,80127.41,True,False,-1.0,LOW,21
2026-05-04T21:24:00+00:00,short,0.645,80275.75,80244.28,False,True,1.0,LOW,21
2026-05-04T22:39:00+00:00,long,0.645,80139.05,80132.0,False,False,-1.0,LOW,22
2026-05-04T23:09:00+00:00,long,0.645,79917.27,79917.34,True,True,1.0,LOW,23
2026-05-05T00:24:00+00:00,long,0.8085,79875.47,79906.57,True,True,1.0,LOW,0
2026-05-05T00:39:00+00:00,short,0.6335,80057.1,80068.29,True,False,-1.0,LOW,0
2026-05-05T00:54:00+00:00,short,0.6773,80161.85,80127.69,False,True,1.0,LOW,0
2026-05-05T02:09:00+00:00,short,0.6033,80442.81,80440.91,False,True,1.0,LOW,2
2026-05-05T02:39:00+00:00,short,0.645,80722.37,80792.53,True,False,-1.0,LOW,2
2026-05-05T03:24:00+00:00,short,0.57,80811.97,80788.06,False,True,1.0,LOW,3
2026-05-05T05:24:00+00:00,short,0.57,81155.69,81035.77,False,True,1.0,LOW,5
2026-05-05T05:54:00+00:00,long,0.6033,81026.05,80991.49,False,False,-1.0,LOW,5
2026-05-05T10:54:00+00:00,long,0.77,80724.94,80797.97,True,True,1.0,LOW,10
2026-05-05T11:09:00+00:00,short,0.6033,80839.51,80923.05,True,False,-1.0,LOW,11
2026-05-05T11:39:00+00:00,short,0.6033,81020.74,81034.32,True,False,-1.0,LOW,11
2026-05-05T13:09:00+00:00,short,0.627,81587.72,81555.4,False,True,1.0,LOW,13
2026-05-05T14:54:00+00:00,short,0.847,81360.0,81278.81,False,True,1.0,LOW,14
2026-05-05T16:39:00+00:00,long,0.57,81134.0,81139.99,True,True,1.0,LOW,16
2026-05-05T16:54:00+00:00,short,0.77,81261.96,81280.43,True,False,-1.0,LOW,16
2026-05-05T21:39:00+00:00,long,0.77,81420.07,81379.73,False,False,-1.0,LOW,21
2026-05-05T21:54:00+00:00,short,0.77,81491.99,81484.01,False,True,1.0,LOW,21
2026-05-05T22:39:00+00:00,long,0.57,81009.3,81008.78,False,False,-1.0,LOW,22
2026-05-05T23:24:00+00:00,long,0.6033,81055.01,80892.0,False,False,-1.0,LOW,23
2026-05-05T23:39:00+00:00,long,0.6033,80838.95,80947.21,True,True,1.0,LOW,23
2026-05-06T00:09:00+00:00,short,0.6773,81089.84,81201.0,True,False,-1.0,LOW,0
2026-05-06T00:24:00+00:00,long,0.8085,80998.38,80949.29,False,False,-1.0,LOW,0
2026-05-06T03:24:00+00:00,short,0.57,81651.32,81600.93,False,True,1.0,LOW,3
2026-05-06T05:39:00+00:00,long,0.645,81067.73,81185.05,True,True,1.0,LOW,5
2026-05-06T05:54:00+00:00,short,0.6033,81230.31,81353.84,True,False,-1.0,LOW,5
2026-05-06T10:24:00+00:00,short,0.645,82174.0,82193.25,True,False,-1.0,LOW,10
2026-05-06T11:24:00+00:00,long,0.6033,82761.29,82688.28,False,False,-1.0,LOW,11
2026-05-06T12:09:00+00:00,long,0.645,82353.71,82304.8,False,False,-1.0,LOW,12
2026-05-06T13:09:00+00:00,short,0.847,82025.41,82128.01,True,False,-1.0,LOW,13
2026-05-06T14:09:00+00:00,long,0.572,81429.93,81500.93,True,True,1.0,LOW,14
2026-05-06T14:24:00+00:00,short,0.847,81589.25,81730.01,True,False,-1.0,LOW,14
2026-05-06T15:39:00+00:00,long,0.7095,81505.24,81719.83,True,True,1.0,LOW,15
2026-05-06T15:54:00+00:00,short,0.6637,81745.8,81700.36,False,True,1.0,LOW,15
2026-05-06T16:24:00+00:00,long,0.645,81596.64,81510.0,False,False,-1.0,LOW,16
2026-05-06T18:39:00+00:00,long,0.645,81321.06,81407.62,True,True,1.0,LOW,18
2026-05-06T19:39:00+00:00,short,0.645,81442.77,81445.65,True,False,-1.0,LOW,19
2026-05-06T20:39:00+00:00,long,0.6033,81382.24,81382.28,True,True,1.0,LOW,20
2026-05-06T21:09:00+00:00,short,0.645,81495.15,81390.13,False,True,1.0,LOW,21
2026-05-06T21:39:00+00:00,short,0.645,81593.87,81562.39,False,True,1.0,LOW,21
2026-05-06T22:09:00+00:00,long,0.645,81382.3,81367.43,False,False,-1.0,LOW,22
2026-05-06T22:24:00+00:00,long,0.6033,81307.48,81296.25,False,False,-1.0,LOW,22
2026-05-06T23:54:00+00:00,short,0.645,81440.72,81449.99,True,False,-1.0,LOW,23
2026-05-07T00:24:00+00:00,long,0.6773,81286.0,81239.23,False,False,-1.0,LOW,0
2026-05-07T00:39:00+00:00,long,0.6335,81120.0,81058.0,False,False,-1.0,LOW,0
2026-05-07T02:09:00+00:00,long,0.645,81014.84,80968.97,False,False,-1.0,LOW,2
2026-05-07T02:54:00+00:00,short,0.645,81086.03,81092.47,True,False,-1.0,LOW,2
2026-05-07T04:09:00+00:00,long,0.6033,80771.8,80869.21,True,True,1.0,LOW,4
2026-05-07T04:24:00+00:00,short,0.6033,80927.99,80930.0,True,False,-1.0,LOW,4
2026-05-07T04:54:00+00:00,short,0.645,80989.58,81035.16,True,False,-1.0,LOW,4
2026-05-07T10:24:00+00:00,long,0.645,80800.0,80686.83,False,False,-1.0,LOW,10
2026-05-07T11:54:00+00:00,long,0.6033,80859.5,80860.42,True,True,1.0,LOW,11
2026-05-07T12:54:00+00:00,short,0.645,81160.83,81089.82,False,True,1.0,LOW,12
2026-05-07T13:39:00+00:00,long,0.627,80692.0,80478.38,False,False,-1.0,LOW,13
2026-05-07T14:39:00+00:00,long,0.572,80139.5,80167.96,True,True,1.0,LOW,14
2026-05-07T15:24:00+00:00,long,0.627,79834.88,79900.0,True,True,1.0,LOW,15
2026-05-07T16:39:00+00:00,long,0.6033,79813.34,79899.92,True,True,1.0,LOW,16
2026-05-07T18:24:00+00:00,short,0.77,80197.93,80192.46,False,True,1.0,LOW,18
2026-05-07T19:09:00+00:00,long,0.6033,80100.03,80151.5,True,True,1.0,LOW,19
2026-05-07T19:39:00+00:00,short,0.645,80181.78,80127.4,False,True,1.0,LOW,19
2026-05-07T20:39:00+00:00,long,0.645,79935.84,79949.32,True,True,1.0,LOW,20
2026-05-07T21:09:00+00:00,long,0.57,79672.83,79743.64,True,True,1.0,LOW,21
2026-05-07T21:24:00+00:00,short,0.77,79866.78,79889.57,True,False,-1.0,LOW,21
2026-05-07T22:54:00+00:00,short,0.645,79913.99,79890.0,False,True,1.0,LOW,22
2026-05-07T23:09:00+00:00,short,0.645,79998.88,79980.34,False,True,1.0,LOW,23
2026-05-08T00:39:00+00:00,long,0.6773,79926.16,79894.26,False,False,-1.0,LOW,0
2026-05-08T00:54:00+00:00,long,0.6773,79776.32,79893.5,True,True,1.0,LOW,0
2026-05-08T02:09:00+00:00,long,0.6033,79581.4,79612.78,True,True,1.0,LOW,2
2026-05-08T03:24:00+00:00,short,0.6033,79593.99,79593.78,False,True,1.0,LOW,3
2026-05-08T04:09:00+00:00,short,0.645,79642.97,79676.81,True,False,-1.0,LOW,4
2026-05-08T08:54:00+00:00,short,0.616,79950.0,79880.61,False,True,1.0,LOW,8
2026-05-08T10:39:00+00:00,short,0.645,80056.93,80130.68,True,False,-1.0,LOW,10
2026-05-08T10:54:00+00:00,short,0.6033,80207.8,80288.19,True,False,-1.0,LOW,10
2026-05-08T12:24:00+00:00,short,0.6033,80296.54,80206.43,False,True,1.0,LOW,12
2026-05-08T13:09:00+00:00,long,0.7095,79907.65,79777.74,False,False,-1.0,LOW,13
2026-05-08T14:09:00+00:00,long,0.572,79859.52,79963.83,True,True,1.0,LOW,14
2026-05-08T14:24:00+00:00,long,0.572,80254.49,79822.31,False,False,-1.0,LOW,14
2026-05-08T15:09:00+00:00,long,0.7095,79978.17,79835.49,False,False,-1.0,LOW,15
2026-05-08T15:24:00+00:00,long,0.627,79702.66,79653.62,False,False,-1.0,LOW,15
2026-05-08T15:54:00+00:00,long,0.6637,80142.13,80179.45,True,True,1.0,LOW,15
2026-05-08T16:39:00+00:00,long,0.6033,79791.4,79813.73,True,True,1.0,LOW,16
2026-05-08T17:24:00+00:00,short,0.6033,79945.47,80146.59,True,False,-1.0,LOW,17
2026-05-08T18:24:00+00:00,short,0.645,80284.27,80249.99,False,True,1.0,LOW,18
2026-05-08T21:24:00+00:00,short,0.6033,80195.68,80190.27,False,True,1.0,LOW,21
2026-05-08T23:39:00+00:00,long,0.6033,80137.84,80171.71,True,True,1.0,LOW,23
2026-05-09T00:09:00+00:00,long,0.6773,80134.29,80155.7,True,True,1.0,LOW,0
2026-05-09T01:09:00+00:00,short,0.6773,80263.41,80337.69,True,False,-1.0,LOW,1
2026-05-09T01:39:00+00:00,short,0.6335,80352.39,80372.31,True,False,-1.0,LOW,1
2026-05-09T01:54:00+00:00,short,0.6335,80424.43,80349.78,False,True,1.0,LOW,1
2026-05-09T03:39:00+00:00,long,0.645,80339.3,80347.62,True,True,1.0,LOW,3
2026-05-09T04:09:00+00:00,short,0.645,80600.01,80540.01,False,True,1.0,LOW,4
2026-05-09T05:54:00+00:00,long,0.645,80380.3,80381.79,True,True,1.0,LOW,5
2026-05-09T08:24:00+00:00,short,0.616,80389.37,80429.61,True,False,-1.0,LOW,8
2026-05-09T08:39:00+00:00,short,0.616,80432.1,80429.64,False,True,1.0,LOW,8
2026-05-09T09:24:00+00:00,long,0.616,80308.43,80258.21,False,False,-1.0,LOW,9
2026-05-09T09:39:00+00:00,long,0.616,80259.84,80243.28,False,False,-1.0,LOW,9
2026-05-09T10:39:00+00:00,short,0.645,80323.56,80321.86,False,True,1.0,LOW,10
2026-05-09T10:54:00+00:00,long,0.77,80274.27,80259.99,False,False,-1.0,LOW,10
2026-05-09T11:24:00+00:00,short,0.6033,80343.82,80340.92,False,True,1.0,LOW,11
2026-05-09T12:24:00+00:00,short,0.645,80397.99,80384.62,False,True,1.0,LOW,12
2026-05-09T12:39:00+00:00,long,0.6033,80329.69,80351.13,True,True,1.0,LOW,12
2026-05-09T12:54:00+00:00,short,0.6033,80398.04,80397.97,False,True,1.0,LOW,12
2026-05-09T13:24:00+00:00,long,0.7095,80355.16,80369.66,True,True,1.0,LOW,13
2026-05-09T13:54:00+00:00,short,0.847,80362.84,80385.69,True,False,-1.0,LOW,13
2026-05-09T15:24:00+00:00,short,0.6637,80385.57,80471.28,True,False,-1.0,LOW,15
2026-05-09T15:39:00+00:00,short,0.7095,80526.52,80496.7,False,True,1.0,LOW,15
2026-05-09T16:39:00+00:00,long,0.77,80614.44,80639.69,True,True,1.0,LOW,16
2026-05-09T17:09:00+00:00,short,0.645,80769.72,80748.42,False,True,1.0,LOW,17
2026-05-09T17:39:00+00:00,short,0.6033,80895.19,80823.47,False,True,1.0,LOW,17
2026-05-09T17:54:00+00:00,long,0.645,80781.82,80836.08,True,True,1.0,LOW,17
2026-05-09T19:54:00+00:00,short,0.645,80931.49,80927.76,False,True,1.0,LOW,19
2026-05-09T20:09:00+00:00,long,0.77,80875.86,80819.58,False,False,-1.0,LOW,20
2026-05-09T20:24:00+00:00,long,0.645,80773.56,80796.55,True,True,1.0,LOW,20
2026-05-09T21:09:00+00:00,short,0.6033,80852.77,80856.2,True,False,-1.0,LOW,21
2026-05-09T21:24:00+00:00,long,0.645,80805.5,80809.53,True,True,1.0,LOW,21
2026-05-09T23:24:00+00:00,long,0.645,80691.9,80664.69,False,False,-1.0,LOW,23
2026-05-09T23:54:00+00:00,short,0.6033,80696.48,80691.63,False,True,1.0,LOW,23
2026-05-10T00:54:00+00:00,long,0.6335,80662.86,80643.59,False,False,-1.0,LOW,0
2026-05-10T01:54:00+00:00,short,0.6773,80685.9,80671.13,False,True,1.0,LOW,1
2026-05-10T03:39:00+00:00,short,0.645,80859.99,80828.64,False,True,1.0,LOW,3
2026-05-10T03:54:00+00:00,long,0.77,80814.14,80796.7,False,False,-1.0,LOW,3
2026-05-10T05:24:00+00:00,short,0.645,80809.44,80791.41,False,True,1.0,LOW,5
2026-05-10T05:54:00+00:00,long,0.645,80682.01,80700.77,True,True,1.0,LOW,5
2026-05-10T06:09:00+00:00,short,0.616,80738.95,80708.0,False,True,1.0,LOW,6
2026-05-10T10:09:00+00:00,short,0.77,80835.26,80717.47,False,True,1.0,LOW,10
2026-05-10T10:54:00+00:00,short,0.645,80877.87,80873.8,False,True,1.0,LOW,10
2026-05-10T11:24:00+00:00,long,0.645,80803.07,80812.87,True,True,1.0,LOW,11
2026-05-10T12:24:00+00:00,short,0.645,80913.8,80924.81,True,False,-1.0,LOW,12
2026-05-10T15:39:00+00:00,short,0.7095,81097.21,81190.49,True,False,-1.0,LOW,15
2026-05-10T15:54:00+00:00,long,0.847,81347.19,81444.05,True,True,1.0,LOW,15
2026-05-10T16:24:00+00:00,long,0.645,81278.45,81271.3,False,False,-1.0,LOW,16
2026-05-10T17:24:00+00:00,short,0.6033,81400.11,81365.44,False,True,1.0,LOW,17
2026-05-10T17:39:00+00:00,long,0.645,81291.01,81349.92,True,True,1.0,LOW,17
2026-05-10T17:54:00+00:00,short,0.645,81499.19,81434.5,False,True,1.0,LOW,17
2026-05-10T18:39:00+00:00,long,0.645,81313.08,81257.95,False,False,-1.0,LOW,18
2026-05-10T19:24:00+00:00,short,0.6033,81466.61,81470.01,True,False,-1.0,LOW,19
2026-05-10T19:39:00+00:00,long,0.77,81407.84,81430.25,True,True,1.0,LOW,19
2026-05-10T19:54:00+00:00,long,0.645,81345.99,81436.36,True,True,1.0,LOW,19
2026-05-10T20:09:00+00:00,short,0.6033,81459.66,81186.14,False,True,1.0,LOW,20
2026-05-10T22:09:00+00:00,short,0.57,81193.75,81279.54,True,False,-1.0,LOW,22
2026-05-10T23:54:00+00:00,long,0.645,82191.6,82283.4,True,True,1.0,LOW,23
2026-05-11T00:54:00+00:00,long,0.5985,81345.21,81440.0,True,True,1.0,LOW,0
2026-05-11T01:24:00+00:00,short,0.5985,81714.9,81545.38,False,True,1.0,LOW,1
2026-05-11T02:24:00+00:00,long,0.6033,81230.01,81277.08,True,True,1.0,LOW,2
2026-05-11T03:09:00+00:00,long,0.645,81033.59,80643.65,False,False,-1.0,LOW,3
2026-05-11T03:24:00+00:00,long,0.6033,80680.01,80623.72,False,False,-1.0,LOW,3
2026-05-11T05:24:00+00:00,short,0.645,80931.65,80942.39,True,False,-1.0,LOW,5
2026-05-11T09:39:00+00:00,long,0.616,80876.51,80899.67,True,True,1.0,LOW,9
2026-05-11T10:09:00+00:00,short,0.645,81068.7,81048.62,False,True,1.0,LOW,10
2026-05-11T10:39:00+00:00,long,0.77,81027.01,81077.09,True,True,1.0,LOW,10
2026-05-11T11:24:00+00:00,short,0.6033,81129.98,81135.19,True,False,-1.0,LOW,11
2026-05-11T12:24:00+00:00,short,0.645,81313.75,81311.91,False,True,1.0,LOW,12
2026-05-11T12:54:00+00:00,long,0.6033,81077.6,81135.69,True,True,1.0,LOW,12
2026-05-11T13:09:00+00:00,short,0.7095,81260.38,81295.82,True,False,-1.0,LOW,13
2026-05-11T13:39:00+00:00,long,0.572,80869.29,81064.75,True,True,1.0,LOW,13
2026-05-11T14:09:00+00:00,short,0.6637,81209.23,81140.0,False,True,1.0,LOW,14
2026-05-11T14:24:00+00:00,long,0.627,80954.75,80790.53,False,False,-1.0,LOW,14
2026-05-11T16:09:00+00:00,short,0.645,81574.5,81748.56,True,False,-1.0,LOW,16
2026-05-11T17:09:00+00:00,long,0.6033,81436.75,81527.99,True,True,1.0,LOW,17
2026-05-11T17:39:00+00:00,short,0.57,81863.2,82007.35,True,False,-1.0,LOW,17
2026-05-11T18:09:00+00:00,short,0.645,82055.4,81943.29,False,True,1.0,LOW,18
2026-05-11T21:09:00+00:00,long,0.645,81736.01,81740.0,True,True,1.0,LOW,21
2026-05-11T21:54:00+00:00,short,0.645,81841.22,81822.08,False,True,1.0,LOW,21
2026-05-11T23:09:00+00:00,long,0.645,81708.72,81720.16,True,True,1.0,LOW,23
2026-05-11T23:39:00+00:00,short,0.645,81752.88,81788.0,True,False,-1.0,LOW,23
2026-05-12T00:24:00+00:00,long,0.6773,81529.14,81595.17,True,True,1.0,LOW,0
2026-05-12T01:39:00+00:00,long,0.5985,80865.07,81072.72,True,True,1.0,LOW,1
2026-05-12T02:54:00+00:00,short,0.645,81263.18,81279.75,True,False,-1.0,LOW,2
2026-05-12T03:54:00+00:00,long,0.6033,81080.07,81042.47,False,False,-1.0,LOW,3
2026-05-12T04:39:00+00:00,short,0.645,81285.87,81283.25,False,True,1.0,LOW,4
2026-05-12T09:54:00+00:00,long,0.616,80822.12,80822.43,True,True,1.0,LOW,9
2026-05-12T11:54:00+00:00,short,0.77,80767.46,80785.18,True,False,-1.0,LOW,11
2026-05-12T13:24:00+00:00,long,0.6637,80705.98,80637.66,False,False,-1.0,LOW,13
2026-05-12T14:24:00+00:00,short,0.6637,80798.13,80610.15,False,True,1.0,LOW,14
2026-05-12T14:54:00+00:00,long,0.6637,80572.73,80476.62,False,False,-1.0,LOW,14
2026-05-12T15:24:00+00:00,long,0.627,80240.0,80267.39,True,True,1.0,LOW,15
2026-05-12T15:39:00+00:00,short,0.847,80386.0,80338.54,False,True,1.0,LOW,15
2026-05-12T17:24:00+00:00,short,0.57,80413.68,80463.97,True,False,-1.0,LOW,17
2026-05-12T17:54:00+00:00,short,0.645,80566.84,80511.79,False,True,1.0,LOW,17
2026-05-12T18:54:00+00:00,short,0.645,80730.35,80714.07,False,True,1.0,LOW,18
2026-05-12T20:39:00+00:00,long,0.645,80667.39,80699.99,True,True,1.0,LOW,20
2026-05-12T21:24:00+00:00,long,0.645,80663.3,80655.81,False,False,-1.0,LOW,21
2026-05-12T21:39:00+00:00,long,0.6033,80570.01,80540.01,False,False,-1.0,LOW,21
2026-05-12T22:09:00+00:00,short,0.6033,80682.0,80616.96,False,True,1.0,LOW,22
2026-05-13T00:24:00+00:00,short,0.6773,80701.93,80692.43,False,True,1.0,LOW,0
2026-05-13T00:54:00+00:00,long,0.6335,80650.39,80717.96,True,True,1.0,LOW,0
2026-05-13T01:09:00+00:00,short,0.6773,80838.0,80894.19,True,False,-1.0,LOW,1
2026-05-13T02:24:00+00:00,short,0.645,81222.01,81117.42,False,True,1.0,LOW,2
2026-05-13T02:39:00+00:00,long,0.6033,81045.63,81080.97,True,True,1.0,LOW,2
2026-05-13T03:39:00+00:00,short,0.645,81141.72,81199.98,True,False,-1.0,LOW,3
2026-05-13T03:54:00+00:00,short,0.6033,81243.35,81248.0,True,False,-1.0,LOW,3
2026-05-13T05:09:00+00:00,long,0.645,81167.74,81138.07,False,False,-1.0,LOW,5
2026-05-13T05:39:00+00:00,long,0.6033,81065.98,81036.62,False,False,-1.0,LOW,5
2026-05-13T06:09:00+00:00,short,0.616,81081.96,81109.35,True,False,-1.0,LOW,6
2026-05-13T10:39:00+00:00,long,0.6033,80918.42,80839.15,False,False,-1.0,LOW,10
2026-05-13T11:09:00+00:00,long,0.645,80667.14,80585.39,False,False,-1.0,LOW,11
2026-05-13T11:54:00+00:00,long,0.645,80531.81,80501.22,False,False,-1.0,LOW,11
2026-05-13T12:24:00+00:00,long,0.57,80280.22,80223.33,False,False,-1.0,LOW,12
2026-05-13T12:39:00+00:00,long,0.57,79943.08,80230.01,True,True,1.0,LOW,12
2026-05-13T13:09:00+00:00,short,0.7095,80316.46,80280.01,False,True,1.0,LOW,13
2026-05-13T13:39:00+00:00,long,0.627,79891.15,79715.78,False,False,-1.0,LOW,13
2026-05-13T15:24:00+00:00,long,0.572,79350.8,79237.16,False,False,-1.0,LOW,15
2026-05-13T15:54:00+00:00,long,0.7095,79097.81,79020.4,False,False,-1.0,LOW,15
2026-05-13T16:09:00+00:00,long,0.57,78763.55,78893.79,True,True,1.0,LOW,16
2026-05-13T16:24:00+00:00,short,0.77,78991.16,79054.6,True,False,-1.0,LOW,16
2026-05-13T16:39:00+00:00,short,0.6033,79135.12,79128.2,False,True,1.0,LOW,16
2026-05-13T17:54:00+00:00,short,0.6033,79466.06,79555.05,True,False,-1.0,LOW,17
2026-05-13T18:24:00+00:00,short,0.645,79774.15,79772.94,False,True,1.0,LOW,18
2026-05-13T18:54:00+00:00,long,0.6033,79639.21,79610.35,False,False,-1.0,LOW,18
2026-05-13T19:09:00+00:00,long,0.6033,79514.23,79507.66,False,False,-1.0,LOW,19
2026-05-13T19:24:00+00:00,long,0.645,79422.41,79512.93,True,True,1.0,LOW,19
2026-05-13T20:09:00+00:00,short,0.77,79666.77,79654.01,False,True,1.0,LOW,20
2026-05-13T21:09:00+00:00,long,0.645,79473.81,79411.26,False,False,-1.0,LOW,21
2026-05-13T22:54:00+00:00,short,0.6033,79454.98,79449.92,False,True,1.0,LOW,22
2026-05-13T23:39:00+00:00,long,0.645,79262.78,79311.24,True,True,1.0,LOW,23
2026-05-14T00:09:00+00:00,short,0.6773,79480.34,79560.54,True,False,-1.0,LOW,0
2026-05-14T01:39:00+00:00,long,0.6335,79459.12,79480.36,True,True,1.0,LOW,1
2026-05-14T01:54:00+00:00,short,0.6773,79630.01,79639.82,True,False,-1.0,LOW,1
2026-05-14T04:09:00+00:00,short,0.645,79234.2,79250.0,True,False,-1.0,LOW,4
2026-05-14T05:24:00+00:00,short,0.645,79588.23,79621.47,True,False,-1.0,LOW,5
2026-05-14T10:39:00+00:00,long,0.645,79588.46,79489.0,False,False,-1.0,LOW,10
2026-05-14T11:24:00+00:00,long,0.645,79409.44,79346.01,False,False,-1.0,LOW,11
2026-05-14T12:39:00+00:00,short,0.645,79606.61,79700.0,True,False,-1.0,LOW,12
2026-05-14T12:54:00+00:00,short,0.77,79725.72,79719.0,False,True,1.0,LOW,12
2026-05-14T13:54:00+00:00,short,0.6637,79944.92,79771.73,False,True,1.0,LOW,13
2026-05-14T14:24:00+00:00,long,0.572,80203.49,80103.65,False,False,-1.0,LOW,14
2026-05-14T14:54:00+00:00,short,0.627,80850.27,81102.0,True,False,-1.0,LOW,14
2026-05-14T15:39:00+00:00,long,0.7095,80866.64,81036.91,True,True,1.0,LOW,15
2026-05-14T15:54:00+00:00,short,0.627,81300.36,81481.02,True,False,-1.0,LOW,15
2026-05-14T16:54:00+00:00,long,0.57,81178.36,81851.23,True,True,1.0,LOW,16
2026-05-14T17:54:00+00:00,short,0.6033,81736.44,81568.65,False,True,1.0,LOW,17
2026-05-14T18:24:00+00:00,short,0.6033,81939.45,81853.35,False,True,1.0,LOW,18
2026-05-14T20:24:00+00:00,long,0.6033,81308.44,81287.55,False,False,-1.0,LOW,20
2026-05-14T20:39:00+00:00,long,0.645,81168.66,81273.57,True,True,1.0,LOW,20
2026-05-14T20:54:00+00:00,short,0.6033,81395.82,81439.2,True,False,-1.0,LOW,20
2026-05-14T21:39:00+00:00,short,0.6033,81480.08,81455.69,False,True,1.0,LOW,21
2026-05-14T23:09:00+00:00,long,0.57,81203.24,81265.65,True,True,1.0,LOW,23
2026-05-14T23:54:00+00:00,long,0.6033,81068.81,81108.52,True,True,1.0,LOW,23
2026-05-15T00:09:00+00:00,short,0.6773,81301.15,81471.78,True,False,-1.0,LOW,0
2026-05-15T02:54:00+00:00,short,0.57,81301.5,81334.67,True,False,-1.0,LOW,2
2026-05-15T03:39:00+00:00,long,0.57,80966.34,81020.02,True,True,1.0,LOW,3
2026-05-15T04:54:00+00:00,long,0.645,80840.0,80700.01,False,False,-1.0,LOW,4
2026-05-15T10:39:00+00:00,long,0.645,80495.0,80592.0,True,True,1.0,LOW,10
2026-05-15T11:09:00+00:00,long,0.77,80601.73,80704.74,True,True,1.0,LOW,11
2026-05-15T13:09:00+00:00,long,0.572,80095.65,80102.54,True,True,1.0,LOW,13
2026-05-15T13:39:00+00:00,long,0.627,79311.57,79095.92,False,False,-1.0,LOW,13
2026-05-15T19:09:00+00:00,long,0.645,79122.51,79115.94,False,False,-1.0,LOW,19
2026-05-16T00:54:00+00:00,long,0.6773,79099.82,79112.99,True,True,1.0,LOW,0
2026-05-16T01:54:00+00:00,short,0.6773,79112.5,79184.16,True,False,-1.0,LOW,1
2026-05-16T02:39:00+00:00,long,0.6033,79090.01,79080.95,False,False,-1.0,LOW,2
2026-05-16T03:09:00+00:00,short,0.6033,79159.14,79155.4,False,True,1.0,LOW,3
2026-05-16T04:39:00+00:00,long,0.6033,78955.4,78990.0,True,True,1.0,LOW,4
2026-05-16T05:24:00+00:00,short,0.77,79025.33,79024.01,False,True,1.0,LOW,5
2026-05-16T10:09:00+00:00,long,0.57,77886.57,77937.94,True,True,1.0,LOW,10
2026-05-16T11:39:00+00:00,short,0.6033,78170.43,78142.35,False,True,1.0,LOW,11
2026-05-16T11:54:00+00:00,long,0.645,78092.39,78070.53,False,False,-1.0,LOW,11
2026-05-16T12:24:00+00:00,long,0.645,77972.63,78008.85,True,True,1.0,LOW,12
2026-05-16T13:09:00+00:00,long,0.6637,77975.48,77903.51,False,False,-1.0,LOW,13
2026-05-16T13:54:00+00:00,short,0.7095,77953.64,78009.01,True,False,-1.0,LOW,13
2026-05-16T16:24:00+00:00,short,0.6033,78302.5,78283.77,False,True,1.0,LOW,16
2026-05-16T17:09:00+00:00,short,0.6033,78268.89,78270.94,True,False,-1.0,LOW,17
2026-05-16T20:09:00+00:00,short,0.6033,78296.0,78316.65,True,False,-1.0,LOW,20
2026-05-16T20:54:00+00:00,short,0.77,78248.73,78255.98,True,False,-1.0,LOW,20
2026-05-16T22:09:00+00:00,long,0.645,78178.01,78241.39,True,True,1.0,LOW,22
2026-05-16T22:24:00+00:00,short,0.6033,78271.39,78269.21,False,True,1.0,LOW,22
2026-05-16T22:39:00+00:00,long,0.645,78226.29,78224.71,False,False,-1.0,LOW,22
2026-05-16T23:54:00+00:00,long,0.645,78153.7,78178.5,True,True,1.0,LOW,23
2026-05-17T00:54:00+00:00,long,0.6335,78092.57,77933.68,False,False,-1.0,LOW,0
2026-05-17T01:24:00+00:00,long,0.6335,78008.26,77991.35,False,False,-1.0,LOW,1
2026-05-17T03:39:00+00:00,short,0.645,78048.92,78018.73,False,True,1.0,LOW,3
2026-05-17T04:24:00+00:00,short,0.645,78130.25,78081.41,False,True,1.0,LOW,4
2026-05-17T05:09:00+00:00,short,0.645,78286.17,78246.26,False,True,1.0,LOW,5
2026-05-17T05:54:00+00:00,long,0.645,78112.28,78140.0,True,True,1.0,LOW,5
2026-05-17T06:39:00+00:00,short,0.616,78108.34,78057.79,False,True,1.0,LOW,6
2026-05-17T10:09:00+00:00,short,0.645,78361.01,78464.65,True,False,-1.0,LOW,10
2026-05-17T11:24:00+00:00,long,0.77,78367.48,78351.7,False,False,-1.0,LOW,11
2026-05-17T12:54:00+00:00,long,0.645,78386.01,78332.64,False,False,-1.0,LOW,12
2026-05-17T13:09:00+00:00,long,0.7095,78296.71,78228.85,False,False,-1.0,LOW,13
2026-05-17T14:09:00+00:00,long,0.7095,78066.24,77961.47,False,False,-1.0,LOW,14
2026-05-17T14:54:00+00:00,short,0.7095,78078.88,78026.43,False,True,1.0,LOW,14
2026-05-17T17:54:00+00:00,short,0.6033,78053.42,78076.2,True,False,-1.0,LOW,17
2026-05-17T18:54:00+00:00,short,0.645,78198.37,78275.8,True,False,-1.0,LOW,18
2026-05-17T19:39:00+00:00,short,0.645,78298.57,78354.01,True,False,-1.0,LOW,19
2026-05-17T20:09:00+00:00,long,0.77,78349.08,78337.45,False,False,-1.0,LOW,20
2026-05-17T21:24:00+00:00,short,0.645,78422.0,78431.52,True,False,-1.0,LOW,21
2026-05-17T22:09:00+00:00,long,0.57,78118.01,78129.99,True,True,1.0,LOW,22
2026-05-17T22:54:00+00:00,long,0.645,77880.68,77984.14,True,True,1.0,LOW,22
2026-05-18T00:09:00+00:00,long,0.5985,77020.8,77222.01,True,True,1.0,LOW,0
2026-05-18T01:24:00+00:00,long,0.6335,76947.62,76869.0,False,False,-1.0,LOW,1
2026-05-18T04:24:00+00:00,long,0.645,76809.44,76786.01,False,False,-1.0,LOW,4
2026-05-18T10:09:00+00:00,long,0.645,76844.84,76765.07,False,False,-1.0,LOW,10
2026-05-18T11:09:00+00:00,long,0.645,76693.67,76752.02,True,True,1.0,LOW,11
2026-05-18T11:24:00+00:00,short,0.645,76845.04,76791.61,False,True,1.0,LOW,11
2026-05-18T11:39:00+00:00,short,0.57,77165.11,77302.54,True,False,-1.0,LOW,11
2026-05-18T13:39:00+00:00,short,0.847,77024.88,76952.37,False,True,1.0,LOW,13
2026-05-18T18:09:00+00:00,long,0.6033,76515.68,76425.02,False,False,-1.0,LOW,18
2026-05-18T18:24:00+00:00,long,0.6033,76303.55,76359.99,True,True,1.0,LOW,18
2026-05-18T19:09:00+00:00,long,0.77,76657.5,76652.16,False,False,-1.0,LOW,19
2026-05-18T19:39:00+00:00,short,0.6033,76723.49,76935.59,True,False,-1.0,LOW,19
2026-05-18T20:24:00+00:00,short,0.77,77093.26,77154.45,True,False,-1.0,LOW,20
2026-05-18T23:09:00+00:00,short,0.6033,77145.08,77080.0,False,True,1.0,LOW,23
2026-05-18T23:24:00+00:00,long,0.6033,77045.17,77020.95,False,False,-1.0,LOW,23
2026-05-19T00:24:00+00:00,short,0.6335,77255.06,77222.0,False,True,1.0,LOW,0
2026-05-19T00:39:00+00:00,long,0.8085,77176.17,77181.57,True,True,1.0,LOW,0
2026-05-19T01:24:00+00:00,long,0.6773,76890.02,76693.99,False,False,-1.0,LOW,1
2026-05-19T02:24:00+00:00,short,0.57,76990.15,76787.53,False,True,1.0,LOW,2
2026-05-19T02:39:00+00:00,long,0.77,76784.52,76759.45,False,False,-1.0,LOW,2
2026-05-19T02:54:00+00:00,long,0.645,76629.52,76591.29,False,False,-1.0,LOW,2
2026-05-19T04:24:00+00:00,long,0.645,76738.26,76777.99,True,True,1.0,LOW,4
2026-05-19T04:39:00+00:00,short,0.6033,76848.01,76908.25,True,False,-1.0,LOW,4
2026-05-19T05:24:00+00:00,long,0.57,76677.37,76822.24,True,True,1.0,LOW,5
2026-05-19T05:39:00+00:00,short,0.57,76921.4,76900.93,False,True,1.0,LOW,5
2026-05-19T11:24:00+00:00,long,0.645,76872.97,76896.31,True,True,1.0,LOW,11
2026-05-19T11:39:00+00:00,long,0.645,76800.01,76699.21,False,False,-1.0,LOW,11
2026-05-19T12:24:00+00:00,short,0.645,76844.48,76850.56,True,False,-1.0,LOW,12
2026-05-19T12:39:00+00:00,short,0.6033,76893.33,76896.36,True,False,-1.0,LOW,12
2026-05-19T13:39:00+00:00,short,0.6637,76942.0,76762.08,False,True,1.0,LOW,13
2026-05-19T14:09:00+00:00,short,0.6637,76725.27,76585.75,False,True,1.0,LOW,14
2026-05-19T14:24:00+00:00,long,0.572,76438.37,76438.66,True,True,1.0,LOW,14
2026-05-19T15:09:00+00:00,long,0.572,76524.55,76667.65,True,True,1.0,LOW,15
2026-05-19T15:39:00+00:00,short,0.6637,76604.0,76466.53,False,True,1.0,LOW,15
2026-05-19T16:54:00+00:00,short,0.645,76870.64,76886.97,True,False,-1.0,LOW,16
2026-05-19T17:54:00+00:00,long,0.6033,76815.12,76841.19,True,True,1.0,LOW,17
2026-05-19T19:09:00+00:00,short,0.645,76958.09,77032.2,True,False,-1.0,LOW,19
2026-05-19T20:09:00+00:00,short,0.645,76912.49,76943.69,True,False,-1.0,LOW,20
2026-05-19T20:54:00+00:00,short,0.645,77030.1,77000.0,False,True,1.0,LOW,20
2026-05-19T21:09:00+00:00,long,0.77,76976.7,77031.98,True,True,1.0,LOW,21
2026-05-19T21:24:00+00:00,short,0.645,77040.82,76997.92,False,True,1.0,LOW,21
2026-05-19T22:09:00+00:00,long,0.6033,76812.88,76758.83,False,False,-1.0,LOW,22
2026-05-19T22:24:00+00:00,long,0.645,76682.07,76690.19,True,True,1.0,LOW,22
2026-05-20T00:09:00+00:00,long,0.6773,76706.68,76593.44,False,False,-1.0,LOW,0
2026-05-20T00:24:00+00:00,long,0.8085,76575.24,76806.54,True,True,1.0,LOW,0
2026-05-20T01:39:00+00:00,long,0.6335,76612.15,76602.59,False,False,-1.0,LOW,1
2026-05-20T01:54:00+00:00,short,0.6773,76812.84,76819.2,True,False,-1.0,LOW,1
2026-05-20T02:39:00+00:00,long,0.6033,76660.33,76618.7,False,False,-1.0,LOW,2
2026-05-20T03:39:00+00:00,short,0.77,76797.98,76745.47,False,True,1.0,LOW,3
2026-05-20T03:54:00+00:00,long,0.6033,76731.86,76805.43,True,True,1.0,LOW,3
2026-05-20T05:09:00+00:00,short,0.57,77039.99,77146.92,True,False,-1.0,LOW,5
2026-05-20T05:39:00+00:00,short,0.77,77290.0,77183.53,False,True,1.0,LOW,5
2026-05-20T08:54:00+00:00,long,0.616,77494.09,77458.05,False,False,-1.0,LOW,8
2026-05-20T09:54:00+00:00,long,0.616,77487.41,77528.97,True,True,1.0,LOW,9
2026-05-20T10:24:00+00:00,short,0.645,77628.33,77601.15,False,True,1.0,LOW,10
2026-05-20T11:39:00+00:00,long,0.645,77429.73,77391.68,False,False,-1.0,LOW,11
2026-05-20T12:54:00+00:00,short,0.645,77608.36,77630.31,True,False,-1.0,LOW,12
2026-05-20T13:39:00+00:00,long,0.627,77086.04,77134.47,True,True,1.0,LOW,13
2026-05-20T14:54:00+00:00,short,0.7095,77523.18,77470.25,False,True,1.0,LOW,14
2026-05-20T15:09:00+00:00,long,0.6637,77369.14,77796.0,True,True,1.0,LOW,15
2026-05-20T15:24:00+00:00,long,0.572,77651.56,77566.1,False,False,-1.0,LOW,15
2026-05-20T16:24:00+00:00,long,0.57,77228.92,77049.99,False,False,-1.0,LOW,16
2026-05-20T17:24:00+00:00,short,0.645,77530.0,77576.45,True,False,-1.0,LOW,17
2026-05-20T18:39:00+00:00,short,0.77,77541.57,77440.92,False,True,1.0,LOW,18
2026-05-20T18:54:00+00:00,long,0.6033,77423.46,77427.88,True,True,1.0,LOW,18
2026-05-20T19:24:00+00:00,short,0.645,77509.95,77597.59,True,False,-1.0,LOW,19
2026-05-20T21:24:00+00:00,long,0.6033,77662.82,77590.08,False,False,-1.0,LOW,21
2026-05-20T22:09:00+00:00,long,0.57,77334.01,77380.85,True,True,1.0,LOW,22
2026-05-20T23:54:00+00:00,short,0.645,77550.61,77525.01,False,True,1.0,LOW,23
2026-05-21T00:54:00+00:00,short,0.5985,78030.01,77985.86,False,True,1.0,LOW,0
2026-05-21T02:24:00+00:00,short,0.6033,78001.5,78020.86,True,False,-1.0,LOW,2
2026-05-21T05:24:00+00:00,long,0.6033,77892.01,77855.3,False,False,-1.0,LOW,5
2026-05-21T09:54:00+00:00,long,0.616,77651.27,77655.61,True,True,1.0,LOW,9
2026-05-21T12:39:00+00:00,short,0.645,77288.0,77299.07,True,False,-1.0,LOW,12
2026-05-21T13:39:00+00:00,long,0.627,76887.84,76894.12,True,True,1.0,LOW,13
2026-05-21T14:24:00+00:00,short,0.847,76936.93,77114.01,True,False,-1.0,LOW,14
2026-05-21T15:24:00+00:00,long,0.572,77246.27,77272.01,True,True,1.0,LOW,15
2026-05-21T16:09:00+00:00,short,0.6033,77327.29,77230.66,False,True,1.0,LOW,16
2026-05-21T16:24:00+00:00,long,0.6033,77155.32,77218.57,True,True,1.0,LOW,16
2026-05-21T18:24:00+00:00,short,0.645,77881.81,77747.6,False,True,1.0,LOW,18
2026-05-21T18:54:00+00:00,long,0.57,77299.58,77395.95,True,True,1.0,LOW,18
2026-05-21T19:09:00+00:00,short,0.645,77543.37,77533.82,False,True,1.0,LOW,19
2026-05-21T19:39:00+00:00,short,0.645,77641.89,77622.08,False,True,1.0,LOW,19
2026-05-21T21:09:00+00:00,short,0.6033,77800.72,77787.85,False,True,1.0,LOW,21
2026-05-21T22:39:00+00:00,long,0.645,77555.34,77660.94,True,True,1.0,LOW,22
2026-05-21T23:09:00+00:00,short,0.645,77717.23,77587.23,False,True,1.0,LOW,23
2026-05-21T23:24:00+00:00,long,0.6033,77610.45,77638.02,True,True,1.0,LOW,23
2026-05-21T23:39:00+00:00,short,0.645,77720.41,77707.13,False,True,1.0,LOW,23
2026-05-22T00:09:00+00:00,long,0.6335,77534.43,77416.83,False,False,-1.0,LOW,0
2026-05-22T01:54:00+00:00,short,0.6335,77604.61,77680.72,True,False,-1.0,LOW,1
2026-05-22T03:09:00+00:00,short,0.6033,77726.13,77754.84,True,False,-1.0,LOW,3
2026-05-22T04:09:00+00:00,short,0.645,77876.69,77882.53,True,False,-1.0,LOW,4
2026-05-22T04:24:00+00:00,long,0.77,77802.01,77792.45,False,False,-1.0,LOW,4
2026-05-22T04:39:00+00:00,long,0.645,77699.99,77665.6,False,False,-1.0,LOW,4
2026-05-22T04:54:00+00:00,long,0.77,77638.0,77648.27,True,True,1.0,LOW,4
2026-05-22T05:09:00+00:00,short,0.77,77700.29,77697.21,False,True,1.0,LOW,5
2026-05-22T05:24:00+00:00,long,0.645,77575.52,77637.3,True,True,1.0,LOW,5
2026-05-22T11:39:00+00:00,short,0.6033,77347.99,77330.87,False,True,1.0,LOW,11
2026-05-22T12:54:00+00:00,short,0.645,77520.17,77493.28,False,True,1.0,LOW,12
2026-05-22T13:24:00+00:00,long,0.7095,77398.42,77317.12,False,False,-1.0,LOW,13
2026-05-22T14:24:00+00:00,long,0.627,76820.0,76813.41,False,False,-1.0,LOW,14
2026-05-22T15:24:00+00:00,long,0.627,76628.02,76959.55,True,True,1.0,LOW,15
2026-05-22T16:54:00+00:00,short,0.645,76999.46,76992.81,False,True,1.0,LOW,16
2026-05-22T17:54:00+00:00,long,0.6033,76806.86,76750.01,False,False,-1.0,LOW,17
2026-05-22T18:24:00+00:00,short,0.6033,76890.31,76758.0,False,True,1.0,LOW,18
2026-05-22T18:39:00+00:00,long,0.6033,76709.39,76138.01,False,False,-1.0,LOW,18
2026-05-22T19:09:00+00:00,long,0.57,76238.76,76328.1,True,True,1.0,LOW,19
2026-05-22T20:54:00+00:00,short,0.645,76060.6,75987.89,False,True,1.0,LOW,20
2026-05-22T22:09:00+00:00,long,0.6033,75922.25,75883.01,False,False,-1.0,LOW,22
2026-05-22T22:24:00+00:00,long,0.645,75802.03,75847.22,True,True,1.0,LOW,22
2026-05-22T23:09:00+00:00,short,0.645,75845.22,75840.93,False,True,1.0,LOW,23
2026-05-22T23:24:00+00:00,long,0.6033,75788.94,75705.25,False,False,-1.0,LOW,23
2026-05-23T01:09:00+00:00,short,0.6773,75499.99,75407.53,False,True,1.0,LOW,1
2026-05-23T02:54:00+00:00,short,0.645,75556.0,75577.05,True,False,-1.0,LOW,2
2026-05-23T03:39:00+00:00,short,0.645,75658.0,75646.0,False,True,1.0,LOW,3
2026-05-23T04:09:00+00:00,long,0.6033,75633.34,75639.0,True,True,1.0,LOW,4
2026-05-23T04:24:00+00:00,long,0.6033,75589.3,75618.3,True,True,1.0,LOW,4
2026-05-23T10:54:00+00:00,long,0.645,74710.95,74715.23,True,True,1.0,LOW,10
2026-05-23T11:09:00+00:00,short,0.645,74794.18,74798.87,True,False,-1.0,LOW,11
2026-05-23T11:39:00+00:00,long,0.77,74790.27,74788.66,False,False,-1.0,LOW,11
2026-05-23T12:09:00+00:00,long,0.6033,74756.09,74735.19,False,False,-1.0,LOW,12
2026-05-23T12:39:00+00:00,short,0.645,74774.05,74737.07,False,True,1.0,LOW,12
2026-05-23T12:54:00+00:00,long,0.6033,74723.54,74876.0,True,True,1.0,LOW,12
2026-05-23T13:09:00+00:00,long,0.572,74957.62,74999.73,True,True,1.0,LOW,13
2026-05-23T13:54:00+00:00,short,0.627,75251.2,75181.68,False,True,1.0,LOW,13
2026-05-23T15:39:00+00:00,long,0.6637,75442.82,75531.64,True,True,1.0,LOW,15
2026-05-23T16:24:00+00:00,long,0.645,75415.17,75481.48,True,True,1.0,LOW,16
2026-05-23T16:39:00+00:00,short,0.645,75547.04,75512.87,False,True,1.0,LOW,16
2026-05-23T18:24:00+00:00,long,0.77,75811.67,75884.72,True,True,1.0,LOW,18
2026-05-23T20:09:00+00:00,short,0.77,75980.44,76089.99,True,False,-1.0,LOW,20
2026-05-23T20:39:00+00:00,short,0.57,76737.19,76882.73,True,False,-1.0,LOW,20
2026-05-23T22:24:00+00:00,long,0.645,76582.53,76495.58,False,False,-1.0,LOW,22
2026-05-23T22:54:00+00:00,short,0.6033,76584.45,76544.54,False,True,1.0,LOW,22
2026-05-23T23:24:00+00:00,long,0.77,76622.0,76667.69,True,True,1.0,LOW,23
2026-05-24T00:39:00+00:00,short,0.6335,76784.32,76795.21,True,False,-1.0,LOW,0
2026-05-24T01:24:00+00:00,short,0.6773,76906.46,76870.65,False,True,1.0,LOW,1
2026-05-24T02:24:00+00:00,long,0.645,76744.55,76766.67,True,True,1.0,LOW,2
2026-05-24T02:39:00+00:00,short,0.77,76808.7,76825.79,True,False,-1.0,LOW,2
2026-05-24T03:09:00+00:00,short,0.645,76954.23,76890.8,False,True,1.0,LOW,3
2026-05-24T03:39:00+00:00,long,0.645,76804.0,76782.89,False,False,-1.0,LOW,3
2026-05-24T04:39:00+00:00,long,0.6033,76738.97,76777.44,True,True,1.0,LOW,4
2026-05-24T04:54:00+00:00,short,0.645,76800.0,76770.98,False,True,1.0,LOW,4
2026-05-24T05:24:00+00:00,long,0.6033,76710.01,76725.98,True,True,1.0,LOW,5
2026-05-24T05:54:00+00:00,short,0.645,76823.62,76856.0,True,False,-1.0,LOW,5
2026-05-24T07:09:00+00:00,long,0.616,76930.04,76885.04,False,False,-1.0,LOW,7
2026-05-24T11:09:00+00:00,short,0.6033,77304.24,77291.17,False,True,1.0,LOW,11
2026-05-24T11:39:00+00:00,long,0.645,77245.31,77281.12,True,True,1.0,LOW,11
2026-05-24T12:09:00+00:00,long,0.645,77220.0,77208.07,False,False,-1.0,LOW,12
2026-05-24T12:24:00+00:00,long,0.6033,77086.27,77114.11,True,True,1.0,LOW,12
2026-05-24T13:39:00+00:00,long,0.7095,76898.52,76972.8,True,True,1.0,LOW,13
2026-05-24T13:54:00+00:00,long,0.7095,76785.43,76812.7,True,True,1.0,LOW,13
2026-05-24T16:09:00+00:00,short,0.6033,76584.45,76650.0,True,False,-1.0,LOW,16
2026-05-24T16:54:00+00:00,short,0.645,76635.25,76700.0,True,False,-1.0,LOW,16
2026-05-24T17:39:00+00:00,short,0.645,76723.54,76692.11,False,True,1.0,LOW,17
2026-05-24T21:39:00+00:00,long,0.57,76232.09,76153.31,False,False,-1.0,LOW,21
2026-05-24T22:09:00+00:00,short,0.57,76900.95,76888.0,False,True,1.0,LOW,22
2026-05-24T23:39:00+00:00,short,0.645,77097.34,77165.31,True,False,-1.0,LOW,23
2026-05-25T01:24:00+00:00,short,0.6335,77237.83,77119.8,False,True,1.0,LOW,1
2026-05-25T02:09:00+00:00,short,0.57,77398.69,77340.0,False,True,1.0,LOW,2
2026-05-25T02:24:00+00:00,long,0.77,77219.26,77120.01,False,False,-1.0,LOW,2
2026-05-25T04:54:00+00:00,short,0.645,77373.61,77359.7,False,True,1.0,LOW,4
2026-05-25T05:54:00+00:00,long,0.6033,77416.45,77413.87,False,False,-1.0,LOW,5
2026-05-25T11:24:00+00:00,long,0.77,77429.86,77429.87,True,True,1.0,LOW,11
2026-05-25T11:39:00+00:00,short,0.645,77503.33,77472.49,False,True,1.0,LOW,11
2026-05-25T11:54:00+00:00,long,0.645,77391.67,77360.01,False,False,-1.0,LOW,11
2026-05-25T14:09:00+00:00,short,0.7095,77472.8,77483.39,True,False,-1.0,LOW,14
2026-05-25T14:54:00+00:00,short,0.6637,77693.85,77728.8,True,False,-1.0,LOW,14
2026-05-25T15:24:00+00:00,long,0.6637,77619.77,77591.97,False,False,-1.0,LOW,15
2026-05-25T16:09:00+00:00,long,0.6033,77583.29,77549.99,False,False,-1.0,LOW,16
2026-05-25T17:24:00+00:00,long,0.6033,77606.46,77630.62,True,True,1.0,LOW,17
2026-05-25T18:09:00+00:00,short,0.645,77636.05,77640.33,True,False,-1.0,LOW,18
2026-05-25T18:24:00+00:00,long,0.77,77606.1,77623.19,True,True,1.0,LOW,18
2026-05-25T18:39:00+00:00,short,0.77,77635.86,77614.01,False,True,1.0,LOW,18
2026-05-25T19:09:00+00:00,long,0.645,77428.0,77477.78,True,True,1.0,LOW,19
2026-05-25T19:39:00+00:00,long,0.645,77354.0,77434.01,True,True,1.0,LOW,19
2026-05-25T20:39:00+00:00,long,0.6033,77329.88,77293.33,False,False,-1.0,LOW,20
2026-05-25T22:39:00+00:00,long,0.6033,77179.99,77203.66,True,True,1.0,LOW,22
2026-05-25T23:39:00+00:00,short,0.645,77351.52,77331.3,False,True,1.0,LOW,23
2026-05-26T00:09:00+00:00,long,0.6773,77238.0,77230.0,False,False,-1.0,LOW,0
2026-05-26T00:24:00+00:00,long,0.6335,77128.43,77170.01,True,True,1.0,LOW,0
2026-05-26T00:54:00+00:00,short,0.8085,76725.83,76717.64,False,True,1.0,LOW,0
2026-05-26T01:24:00+00:00,short,0.6335,76829.6,76765.58,False,True,1.0,LOW,1
2026-05-26T01:39:00+00:00,long,0.6773,76657.63,76713.36,True,True,1.0,LOW,1
2026-05-26T01:54:00+00:00,short,0.6335,76771.82,76672.01,False,True,1.0,LOW,1
2026-05-26T04:39:00+00:00,short,0.6033,76760.0,76784.88,True,False,-1.0,LOW,4
2026-05-26T05:24:00+00:00,short,0.6033,76861.34,76881.99,True,False,-1.0,LOW,5
2026-05-26T05:39:00+00:00,short,0.6033,76932.46,76888.61,False,True,1.0,LOW,5
2026-05-26T06:54:00+00:00,long,0.616,76930.01,76917.36,False,False,-1.0,LOW,6
2026-05-26T10:24:00+00:00,short,0.57,76953.53,77224.54,True,False,-1.0,LOW,10
2026-05-26T10:39:00+00:00,short,0.57,77419.75,77470.32,True,False,-1.0,LOW,10
2026-05-26T11:09:00+00:00,long,0.77,77370.0,77296.25,False,False,-1.0,LOW,11
2026-05-26T12:09:00+00:00,long,0.57,76954.01,77093.45,True,True,1.0,LOW,12
2026-05-26T13:24:00+00:00,long,0.7095,76879.32,76769.33,False,False,-1.0,LOW,13
2026-05-26T13:54:00+00:00,long,0.847,77177.49,77192.0,True,True,1.0,LOW,13
2026-05-26T14:24:00+00:00,short,0.627,77788.36,77846.25,True,False,-1.0,LOW,14
2026-05-26T14:39:00+00:00,long,0.627,76933.4,76870.56,False,False,-1.0,LOW,14
2026-05-26T15:39:00+00:00,long,0.572,76450.0,76465.91,True,True,1.0,LOW,15
2026-05-26T17:24:00+00:00,long,0.57,76185.72,75979.67,False,False,-1.0,LOW,17
2026-05-26T18:24:00+00:00,short,0.57,76242.13,76062.01,False,True,1.0,LOW,18
2026-05-26T18:39:00+00:00,long,0.77,76089.13,75930.51,False,False,-1.0,LOW,18
2026-05-26T23:09:00+00:00,short,0.6033,75886.33,75922.84,True,False,-1.0,LOW,23
2026-05-27T00:24:00+00:00,long,0.6335,75888.49,75985.11,True,True,1.0,LOW,0
2026-05-27T00:54:00+00:00,short,0.6773,76042.38,76076.01,True,False,-1.0,LOW,0
2026-05-27T01:24:00+00:00,long,0.6335,75864.0,75894.0,True,True,1.0,LOW,1
2026-05-27T02:09:00+00:00,long,0.645,75788.15,75830.02,True,True,1.0,LOW,2
2026-05-27T02:54:00+00:00,short,0.645,75804.5,75840.27,True,False,-1.0,LOW,2
2026-05-27T03:24:00+00:00,long,0.6033,75830.0,75861.63,True,True,1.0,LOW,3
2026-05-27T03:39:00+00:00,long,0.645,75752.44,75772.15,True,True,1.0,LOW,3
2026-05-27T03:54:00+00:00,long,0.6033,75673.28,75694.5,True,True,1.0,LOW,3
2026-05-27T04:24:00+00:00,long,0.6033,75527.81,75382.9,False,False,-1.0,LOW,4
2026-05-27T04:39:00+00:00,long,0.77,75369.99,75459.96,True,True,1.0,LOW,4
2026-05-27T04:54:00+00:00,short,0.57,75599.13,75606.0,True,False,-1.0,LOW,4
2026-05-27T10:24:00+00:00,short,0.645,76006.58,76010.21,True,False,-1.0,LOW,10
2026-05-27T10:39:00+00:00,long,0.645,75892.0,75939.99,True,True,1.0,LOW,10
2026-05-27T10:54:00+00:00,short,0.77,75935.27,75913.87,False,True,1.0,LOW,10
2026-05-27T11:39:00+00:00,long,0.6033,75872.01,75818.66,False,False,-1.0,LOW,11
2026-05-27T11:54:00+00:00,long,0.77,75766.22,75769.24,True,True,1.0,LOW,11
2026-05-27T12:09:00+00:00,long,0.645,75681.66,75626.3,False,False,-1.0,LOW,12
2026-05-27T12:54:00+00:00,long,0.6033,75792.0,75731.04,False,False,-1.0,LOW,12
2026-05-27T13:09:00+00:00,long,0.627,75508.98,75398.26,False,False,-1.0,LOW,13
2026-05-27T13:24:00+00:00,long,0.847,75372.01,75257.76,False,False,-1.0,LOW,13
2026-05-27T13:39:00+00:00,long,0.627,74955.27,74980.01,True,True,1.0,LOW,13
2026-05-27T15:24:00+00:00,short,0.627,75399.88,75461.95,True,False,-1.0,LOW,15
2026-05-27T16:24:00+00:00,long,0.645,75063.36,75093.53,True,True,1.0,LOW,16
2026-05-27T16:54:00+00:00,short,0.645,75279.26,75308.68,True,False,-1.0,LOW,16
2026-05-27T19:24:00+00:00,short,0.645,75084.25,75049.53,False,True,1.0,LOW,19
2026-05-27T20:09:00+00:00,short,0.645,75271.99,75329.01,True,False,-1.0,LOW,20
2026-05-27T20:39:00+00:00,long,0.6033,75242.61,75256.2,True,True,1.0,LOW,20
2026-05-27T21:09:00+00:00,long,0.645,75165.1,75188.78,True,True,1.0,LOW,21
2026-05-27T21:39:00+00:00,long,0.57,74877.83,74597.46,False,False,-1.0,LOW,21
2026-05-27T22:54:00+00:00,long,0.645,74519.12,74414.86,False,False,-1.0,LOW,22
2026-05-28T00:39:00+00:00,short,0.6335,74531.18,74559.44,True,False,-1.0,LOW,0
2026-05-28T03:39:00+00:00,long,0.57,73481.72,73552.01,True,True,1.0,LOW,3
2026-05-28T03:54:00+00:00,long,0.57,73230.98,73220.68,False,False,-1.0,LOW,3
2026-05-28T04:24:00+00:00,long,0.57,72904.95,72984.79,True,True,1.0,LOW,4
2026-05-28T04:39:00+00:00,short,0.6033,73089.63,73153.29,True,False,-1.0,LOW,4
2026-05-28T05:09:00+00:00,long,0.645,73029.4,73030.04,True,True,1.0,LOW,5
2026-05-28T10:24:00+00:00,long,0.645,73369.3,73413.33,True,True,1.0,LOW,10
2026-05-28T10:39:00+00:00,short,0.77,73473.56,73502.94,True,False,-1.0,LOW,10
2026-05-28T11:54:00+00:00,short,0.645,73531.21,73490.01,False,True,1.0,LOW,11
2026-05-28T12:24:00+00:00,long,0.57,73265.03,73505.94,True,True,1.0,LOW,12
2026-05-28T12:39:00+00:00,long,0.77,73486.5,73498.25,True,True,1.0,LOW,12
2026-05-28T13:09:00+00:00,long,0.7095,73360.37,73261.28,False,False,-1.0,LOW,13
2026-05-28T13:24:00+00:00,long,0.7095,73183.8,73092.57,False,False,-1.0,LOW,13
2026-05-28T13:39:00+00:00,short,0.847,72909.57,72858.16,False,True,1.0,LOW,13
2026-05-28T16:24:00+00:00,short,0.57,73261.99,73192.14,False,True,1.0,LOW,16
2026-05-28T17:39:00+00:00,short,0.645,73520.0,73684.29,True,False,-1.0,LOW,17
2026-05-28T18:09:00+00:00,short,0.645,73692.29,73663.56,False,True,1.0,LOW,18
2026-05-28T18:54:00+00:00,short,0.645,73672.01,73592.0,False,True,1.0,LOW,18
2026-05-28T19:09:00+00:00,long,0.645,73500.01,73445.17,False,False,-1.0,LOW,19
2026-05-28T19:39:00+00:00,long,0.645,73436.01,73500.22,True,True,1.0,LOW,19
2026-05-28T20:09:00+00:00,long,0.6033,73321.3,73455.02,True,True,1.0,LOW,20
2026-05-28T22:39:00+00:00,long,0.77,73548.89,73529.67,False,False,-1.0,LOW,22
2026-05-29T00:54:00+00:00,long,0.6773,73710.26,73772.17,True,True,1.0,LOW,0
2026-05-29T01:09:00+00:00,short,0.6773,73860.0,73743.01,False,True,1.0,LOW,1
2026-05-29T01:24:00+00:00,long,0.5985,73611.06,73584.11,False,False,-1.0,LOW,1
2026-05-29T01:39:00+00:00,long,0.6773,73500.0,73558.01,True,True,1.0,LOW,1
2026-05-29T02:24:00+00:00,long,0.645,73483.15,73411.3,False,False,-1.0,LOW,2
2026-05-29T02:54:00+00:00,long,0.645,73250.0,73258.73,True,True,1.0,LOW,2
2026-05-29T03:09:00+00:00,short,0.77,73447.7,73412.85,False,True,1.0,LOW,3
2026-05-29T03:39:00+00:00,long,0.645,73321.06,73367.02,True,True,1.0,LOW,3
2026-05-29T04:09:00+00:00,long,0.645,73228.89,73267.59,True,True,1.0,LOW,4
2026-05-29T04:24:00+00:00,short,0.77,73313.0,73405.57,True,False,-1.0,LOW,4
2026-05-29T05:09:00+00:00,short,0.645,73606.89,73608.02,True,False,-1.0,LOW,5
2026-05-29T05:54:00+00:00,short,0.6033,73667.3,73695.29,True,False,-1.0,LOW,5
2026-05-29T11:09:00+00:00,long,0.77,73627.22,73668.88,True,True,1.0,LOW,11
2026-05-29T11:39:00+00:00,long,0.645,73503.05,73511.89,True,True,1.0,LOW,11
2026-05-29T12:09:00+00:00,long,0.6033,73382.7,73385.13,True,True,1.0,LOW,12
2026-05-29T13:09:00+00:00,long,0.6637,73212.58,73128.38,False,False,-1.0,LOW,13
2026-05-29T13:24:00+00:00,long,0.7095,73030.98,72999.23,False,False,-1.0,LOW,13
2026-05-29T14:24:00+00:00,long,0.627,72686.15,72748.08,True,True,1.0,LOW,14
2026-05-29T14:54:00+00:00,long,0.847,72925.37,73019.77,True,True,1.0,LOW,14
2026-05-29T15:09:00+00:00,short,0.627,73663.04,73722.11,True,False,-1.0,LOW,15
2026-05-29T15:39:00+00:00,long,0.572,74110.93,73827.03,False,False,-1.0,LOW,15
2026-05-29T15:54:00+00:00,long,0.6637,73768.0,73804.01,True,True,1.0,LOW,15
2026-05-29T16:09:00+00:00,short,0.645,73900.01,73934.0,True,False,-1.0,LOW,16
2026-05-29T16:24:00+00:00,long,0.57,73632.66,73712.35,True,True,1.0,LOW,16
2026-05-29T17:54:00+00:00,long,0.57,73982.62,73969.36,False,False,-1.0,LOW,17
2026-05-29T18:24:00+00:00,long,0.645,73850.67,73788.43,False,False,-1.0,LOW,18
2026-05-29T18:54:00+00:00,long,0.57,73337.33,73326.0,False,False,-1.0,LOW,18
2026-05-29T19:24:00+00:00,long,0.6033,73322.53,73346.02,True,True,1.0,LOW,19
2026-05-29T19:39:00+00:00,short,0.57,73695.59,73713.99,True,False,-1.0,LOW,19
2026-05-29T19:54:00+00:00,long,0.77,73592.95,73562.62,False,False,-1.0,LOW,19
2026-05-29T21:09:00+00:00,short,0.6033,73719.77,73794.01,True,False,-1.0,LOW,21
2026-05-29T21:54:00+00:00,long,0.645,73422.0,73420.64,False,False,-1.0,LOW,21
2026-05-29T22:24:00+00:00,short,0.6033,73532.0,73529.45,False,True,1.0,LOW,22
2026-05-29T22:39:00+00:00,long,0.645,73457.57,73498.0,True,True,1.0,LOW,22
2026-05-29T23:54:00+00:00,short,0.645,73476.43,73481.05,True,False,-1.0,LOW,23
2026-05-30T02:09:00+00:00,short,0.77,73685.43,73679.94,False,True,1.0,LOW,2
2026-05-30T02:24:00+00:00,long,0.645,73613.86,73661.37,True,True,1.0,LOW,2
2026-05-30T02:39:00+00:00,short,0.6033,73703.91,73708.28,True,False,-1.0,LOW,2
2026-05-30T02:54:00+00:00,short,0.645,73773.98,73780.45,True,False,-1.0,LOW,2
2026-05-30T03:24:00+00:00,long,0.645,73700.34,73639.86,False,False,-1.0,LOW,3
2026-05-30T03:39:00+00:00,long,0.6033,73602.89,73552.24,False,False,-1.0,LOW,3
2026-05-30T04:09:00+00:00,long,0.645,73356.35,73473.58,True,True,1.0,LOW,4
2026-05-30T04:39:00+00:00,long,0.6033,73275.04,73306.17,True,True,1.0,LOW,4
2026-05-30T04:54:00+00:00,short,0.6033,73341.6,73386.33,True,False,-1.0,LOW,4
2026-05-30T05:09:00+00:00,short,0.6033,73516.62,73504.59,False,True,1.0,LOW,5
